{
    "faces": [32,0,1,2,0,1,2,32,2,3,0,2,3,0,32,4,5,3,4,5,3,32,3,2,4,3,2,4,32,6,5,4,6,5,4,32,4,7,6,4,7,6,32,8,9,6,1,0,6,32,6,7,8,6,7,1,32,10,9,8,3,0,1,32,8,11,10,1,2,3,32,3,5,12,3,5,8,32,5,6,13,5,6,9,32,13,12,5,9,8,5,32,9,10,13,0,3,9,32,13,6,9,9,6,0,32,12,0,3,8,0,3,32,8,7,14,1,7,10,32,7,4,15,7,4,11,32,15,14,7,11,10,7,32,2,1,15,2,1,11,32,15,4,2,11,4,2,32,14,11,8,10,2,1,32,0,12,15,0,8,11,32,15,1,0,11,1,0,32,10,11,14,3,2,10,32,14,13,10,10,9,3,32,15,12,13,11,8,9,32,13,14,15,9,10,11,32,16,17,18,0,3,5,32,18,19,16,5,6,0,32,19,18,20,6,5,4,32,20,21,19,4,7,6,32,21,20,22,7,4,2,32,22,23,21,2,1,7,32,23,22,17,1,2,3,32,17,16,23,3,0,1,32,21,23,16,7,1,0,32,16,19,21,0,6,7,32,20,18,17,4,5,3,32,17,22,20,3,2,4],
    "name": "LegsGeometry",
    "uvs": [],
    "normals": [0.577349,-0.577349,-0.577349,0.577349,-0.577349,0.577349,-0.577349,-0.577349,0.577349,-0.577349,-0.577349,-0.577349,-0.577349,0.577349,0.577349,-0.577349,0.577349,-0.577349,0.577349,0.577349,-0.577349,0.577349,0.577349,0.577349,0.301492,-0.301492,-0.904508,-0.301492,-0.301492,-0.904508,-0.301492,-0.301492,0.904508,0.301492,-0.301492,0.904508],
    "vertices": [-0.17,-0,-0.55,-0.17,-0,-0.5,-0.21,-0,-0.5,-0.21,-0,-0.55,-0.21,0.43,-0.5,-0.21,0.43,-0.55,0.21,0.43,-0.55,0.21,0.43,-0.5,0.21,-0,-0.5,0.21,-0,-0.55,0.17,-0,-0.55,0.17,-0,-0.5,-0.17,0.384515,-0.55,0.17,0.384515,-0.55,0.17,0.384515,-0.5,-0.17,0.384515,-0.5,0.18,0.083,-0.54,-0.18,0.083,-0.54,-0.18,0.118,-0.54,0.18,0.118,-0.54,-0.18,0.118,-0.51,0.18,0.118,-0.51,-0.18,0.083,-0.51,0.18,0.083,-0.51],
    "metadata": {
        "faces": 40,
        "generator": "io_three",
        "uvs": 0,
        "normals": 12,
        "type": "Geometry",
        "vertices": 24,
        "version": 3
    }
}